[{"id":"d3be058a-9c90-4aa7-ab45-a432829c0696","avgfps":96.04422604422605,"minfps":1.0,"maxfps":120.0,"cpupwravg":82.94103194103194,"cpupwrmin":26.0,"cpupwrmax":195.0,"gpupwravg":85.73464373464374,"gpupwrmin":null,"gpupwrmax":197.0,"cputempavg":71.06633906633907,"cputempmin":54.0,"cputempmax":82.0,"gputempavg":66.6928746928747,"gputempmin":42.0,"gputempmax":83.0,"mobotempavg":36.86486486486486,"mobotempmin":31.0,"mobotempmax":43.0,"totpwravg":320.4029484029484,"totpwrmin":179.0,"totpwrmax":502.0,"cpuutilavg":2.211302211302211,"cpuutilmin":0.0,"cpuutilmax":7.0,"gpuutilavg":78.31941031941032,"gpuutilmin":30.0,"gpuutilmax":100.0,"vramutilavg":35.62899262899263,"vramutilmin":24.0,"vramutilmax":47.0},{"id":-2,"avgfps":50.301886792452834,"minfps":1.0,"maxfps":120.0,"cpupwravg":49.15723270440252,"cpupwrmin":7.0,"cpupwrmax":185.0,"gpupwravg":3.0,"gpupwrmin":null,"gpupwrmax":25.0,"cputempavg":60.81761006289308,"cputempmin":52.0,"cputempmax":86.0,"gputempavg":54.289308176100626,"gputempmin":37.0,"gputempmax":82.0,"mobotempavg":34.79245283018868,"mobotempmin":30.0,"mobotempmax":38.0,"totpwravg":190.20754716981133,"totpwrmin":100.0,"totpwrmax":267.0,"cpuutilavg":3.842767295597484,"cpuutilmin":0.0,"cpuutilmax":72.0,"gpuutilavg":31.427672955974842,"gpuutilmin":0.0,"gpuutilmax":100.0,"vramutilavg":32.18238993710692,"vramutilmin":9.0,"vramutilmax":93.0},{"id":-1,"avgfps":74.17283950617283,"minfps":1.0,"maxfps":255.0,"cpupwravg":54.629629629629626,"cpupwrmin":16.0,"cpupwrmax":178.0,"gpupwravg":96.75308641975309,"gpupwrmin":null,"gpupwrmax":194.0,"cputempavg":63.925925925925924,"cputempmin":54.0,"cputempmax":84.0,"gputempavg":65.55555555555556,"gputempmin":39.0,"gputempmax":81.0,"mobotempavg":34.75308641975309,"mobotempmin":31.0,"mobotempmax":38.0,"totpwravg":305.7901234567901,"totpwrmin":146.0,"totpwrmax":459.0,"cpuutilavg":2.580246913580247,"cpuutilmin":0.0,"cpuutilmax":16.0,"gpuutilavg":62.7037037037037,"gpuutilmin":0.0,"gpuutilmax":100.0,"vramutilavg":27.333333333333332,"vramutilmin":9.0,"vramutilmax":94.0},{"id":"23aa48c8-2ca9-405f-a77c-8535eb7a93f6","avgfps":94.0,"minfps":70.0,"maxfps":118.0,"cpupwravg":54.0,"cpupwrmin":44.0,"cpupwrmax":64.0,"gpupwravg":14.0,"gpupwrmin":10.0,"gpupwrmax":18.0,"cputempavg":70.0,"cputempmin":63.0,"cputempmax":77.0,"gputempavg":49.5,"gputempmin":49.0,"gputempmax":50.0,"mobotempavg":38.0,"mobotempmin":38.0,"mobotempmax":38.0,"totpwravg":250.0,"totpwrmin":229.0,"totpwrmax":271.0,"cpuutilavg":3.0,"cpuutilmin":1.0,"cpuutilmax":5.0,"gpuutilavg":28.0,"gpuutilmin":15.0,"gpuutilmax":41.0,"vramutilavg":15.5,"vramutilmin":15.0,"vramutilmax":16.0},{"id":"091389e0-9f4e-4259-8192-2af2dbf4285f","avgfps":95.87817258883248,"minfps":18.0,"maxfps":119.0,"cpupwravg":43.3756345177665,"cpupwrmin":27.0,"cpupwrmax":60.0,"gpupwravg":30.95431472081218,"gpupwrmin":null,"gpupwrmax":75.0,"cputempavg":60.59390862944162,"cputempmin":45.0,"cputempmax":73.0,"gputempavg":49.47715736040609,"gputempmin":35.0,"gputempmax":62.0,"mobotempavg":34.81725888324873,"mobotempmin":29.0,"mobotempmax":40.0,"totpwravg":248.44162436548223,"totpwrmin":180.0,"totpwrmax":295.0,"cpuutilavg":1.83248730964467,"cpuutilmin":0.0,"cpuutilmax":4.0,"gpuutilavg":36.76142131979695,"gpuutilmin":9.0,"gpuutilmax":59.0,"vramutilavg":59.13705583756345,"vramutilmin":9.0,"vramutilmax":77.0},{"id":"3fc63f4c-c5ca-457b-ab4a-3a93ee2ac0ce","avgfps":80.27586206896552,"minfps":54.0,"maxfps":119.0,"cpupwravg":88.48275862068965,"cpupwrmin":30.0,"cpupwrmax":130.0,"gpupwravg":60.275862068965516,"gpupwrmin":null,"gpupwrmax":185.0,"cputempavg":66.34482758620689,"cputempmin":56.0,"cputempmax":77.0,"gputempavg":64.41379310344827,"gputempmin":42.0,"gputempmax":75.0,"mobotempavg":34.44827586206897,"mobotempmin":33.0,"mobotempmax":37.0,"totpwravg":215.93103448275863,"totpwrmin":180.0,"totpwrmax":360.0,"cpuutilavg":1.6206896551724137,"cpuutilmin":0.0,"cpuutilmax":5.0,"gpuutilavg":54.827586206896555,"gpuutilmin":19.0,"gpuutilmax":92.0,"vramutilavg":24.482758620689655,"vramutilmin":9.0,"vramutilmax":39.0},{"id":"486a0c35-94ac-4633-8bfb-0a9a161ccaa0","avgfps":58.01062322946176,"minfps":26.0,"maxfps":116.0,"cpupwravg":55.43130311614731,"cpupwrmin":38.0,"cpupwrmax":115.0,"gpupwravg":173.18980169971672,"gpupwrmin":18.0,"gpupwrmax":186.0,"cputempavg":70.27124645892351,"cputempmin":55.0,"cputempmax":90.0,"gputempavg":75.67209631728045,"gputempmin":40.0,"gputempmax":81.0,"mobotempavg":35.85481586402266,"mobotempmin":29.0,"mobotempmax":43.0,"totpwravg":383.35056657223794,"totpwrmin":170.0,"totpwrmax":497.0,"cpuutilavg":3.311614730878187,"cpuutilmin":1.0,"cpuutilmax":44.0,"gpuutilavg":90.9199716713881,"gpuutilmin":0.0,"gpuutilmax":100.0,"vramutilavg":70.67634560906515,"vramutilmin":17.0,"vramutilmax":99.0},{"id":"95a62195-ca77-4d79-a834-f963c4b6bd75","avgfps":52.69590643274854,"minfps":23.0,"maxfps":119.0,"cpupwravg":57.6588693957115,"cpupwrmin":34.0,"cpupwrmax":180.0,"gpupwravg":63.955165692007796,"gpupwrmin":null,"gpupwrmax":181.0,"cputempavg":62.14035087719298,"cputempmin":53.0,"cputempmax":73.0,"gputempavg":61.03508771929825,"gputempmin":42.0,"gputempmax":79.0,"mobotempavg":33.94736842105263,"mobotempmin":30.0,"mobotempmax":39.0,"totpwravg":311.08187134502924,"totpwrmin":196.0,"totpwrmax":433.0,"cpuutilavg":1.263157894736842,"cpuutilmin":0.0,"cpuutilmax":5.0,"gpuutilavg":79.88109161793372,"gpuutilmin":31.0,"gpuutilmax":100.0,"vramutilavg":55.85575048732944,"vramutilmin":29.0,"vramutilmax":78.0},{"id":"74a6562f-b8de-4411-b408-c696a5d4bbcc","avgfps":62.125,"minfps":45.0,"maxfps":90.0,"cpupwravg":58.2,"cpupwrmin":27.0,"cpupwrmax":167.0,"gpupwravg":46.5,"gpupwrmin":null,"gpupwrmax":177.0,"cputempavg":64.45,"cputempmin":57.0,"cputempmax":82.0,"gputempavg":57.3,"gputempmin":42.0,"gputempmax":76.0,"mobotempavg":34.55,"mobotempmin":34.0,"mobotempmax":39.0,"totpwravg":254.4,"totpwrmin":180.0,"totpwrmax":438.0,"cpuutilavg":1.925,"cpuutilmin":0.0,"cpuutilmax":8.0,"gpuutilavg":50.15,"gpuutilmin":10.0,"gpuutilmax":97.0,"vramutilavg":33.65,"vramutilmin":9.0,"vramutilmax":75.0},{"id":"3a651848-c6e3-424b-8dde-ea62e939b6b1","avgfps":58.935251798561154,"minfps":35.0,"maxfps":60.0,"cpupwravg":84.43165467625899,"cpupwrmin":13.0,"cpupwrmax":140.0,"gpupwravg":7.496402877697841,"gpupwrmin":null,"gpupwrmax":122.0,"cputempavg":70.32374100719424,"cputempmin":56.0,"cputempmax":76.0,"gputempavg":60.589928057553955,"gputempmin":38.0,"gputempmax":72.0,"mobotempavg":34.007194244604314,"mobotempmin":33.0,"mobotempmax":36.0,"totpwravg":229.20863309352518,"totpwrmin":164.0,"totpwrmax":357.0,"cpuutilavg":2.920863309352518,"cpuutilmin":1.0,"cpuutilmax":14.0,"gpuutilavg":45.992805755395686,"gpuutilmin":11.0,"gpuutilmax":93.0,"vramutilavg":37.05035971223022,"vramutilmin":14.0,"vramutilmax":43.0},{"id":"486a26c0-7d6d-4dcc-8a5d-d3c9a965d308","avgfps":116.77997671711292,"minfps":28.0,"maxfps":120.0,"cpupwravg":126.39580908032596,"cpupwrmin":35.0,"cpupwrmax":158.0,"gpupwravg":0.15250291036088476,"gpupwrmin":null,"gpupwrmax":90.0,"cputempavg":67.83352735739231,"cputempmin":59.0,"cputempmax":86.0,"gputempavg":67.32130384167637,"gputempmin":43.0,"gputempmax":75.0,"mobotempavg":35.39348079161816,"mobotempmin":34.0,"mobotempmax":41.0,"totpwravg":220.80442374854482,"totpwrmin":181.0,"totpwrmax":411.0,"cpuutilavg":1.7962747380675204,"cpuutilmin":0.0,"cpuutilmax":25.0,"gpuutilavg":74.49708963911525,"gpuutilmin":0.0,"gpuutilmax":100.0,"vramutilavg":37.06053550640279,"vramutilmin":24.0,"vramutilmax":51.0},{"id":"4ac5dc4e-bb0e-49ae-bffd-df638546bbbf","avgfps":59.2520325203252,"minfps":21.0,"maxfps":89.0,"cpupwravg":58.951219512195124,"cpupwrmin":43.0,"cpupwrmax":113.0,"gpupwravg":148.96747967479675,"gpupwrmin":49.0,"gpupwrmax":182.0,"cputempavg":75.22764227642277,"cputempmin":67.0,"cputempmax":89.0,"gputempavg":70.22764227642277,"gputempmin":51.0,"gputempmax":78.0,"mobotempavg":35.926829268292686,"mobotempmin":33.0,"mobotempmax":40.0,"totpwravg":408.1788617886179,"totpwrmin":224.0,"totpwrmax":466.0,"cpuutilavg":7.2439024390243905,"cpuutilmin":2.0,"cpuutilmax":96.0,"gpuutilavg":90.71544715447155,"gpuutilmin":36.0,"gpuutilmax":100.0,"vramutilavg":78.52845528455285,"vramutilmin":34.0,"vramutilmax":86.0},{"id":"95a7a6b6-1656-47e8-abfa-103608c62b68","avgfps":72.7483108108108,"minfps":5.0,"maxfps":120.0,"cpupwravg":175.3285472972973,"cpupwrmin":16.0,"cpupwrmax":194.0,"gpupwravg":7.784628378378378,"gpupwrmin":null,"gpupwrmax":179.0,"cputempavg":77.05405405405405,"cputempmin":60.0,"cputempmax":87.0,"gputempavg":80.16131756756756,"gputempmin":46.0,"gputempmax":85.0,"mobotempavg":31.618243243243242,"mobotempmin":28.0,"mobotempmax":42.0,"totpwravg":193.1579391891892,"totpwrmin":182.0,"totpwrmax":459.0,"cpuutilavg":27.214527027027028,"cpuutilmin":2.0,"cpuutilmax":78.0,"gpuutilavg":91.57854729729729,"gpuutilmin":0.0,"gpuutilmax":100.0,"vramutilavg":55.595439189189186,"vramutilmin":24.0,"vramutilmax":64.0},{"id":"223a62fb-e08d-455f-97ee-5b22c706facd","avgfps":117.57049180327868,"minfps":15.0,"maxfps":120.0,"cpupwravg":13.970491803278689,"cpupwrmin":7.0,"cpupwrmax":35.0,"gpupwravg":0.0,"gpupwrmin":null,"gpupwrmax":null,"cputempavg":59.676502732240436,"cputempmin":51.0,"cputempmax":70.0,"gputempavg":55.2775956284153,"gputempmin":35.0,"gputempmax":60.0,"mobotempavg":35.72786885245902,"mobotempmin":29.0,"mobotempmax":42.0,"totpwravg":191.04043715846996,"totpwrmin":177.0,"totpwrmax":272.0,"cpuutilavg":1.498360655737705,"cpuutilmin":0.0,"cpuutilmax":7.0,"gpuutilavg":38.212021857923496,"gpuutilmin":5.0,"gpuutilmax":61.0,"vramutilavg":24.159562841530054,"vramutilmin":12.0,"vramutilmax":34.0},{"id":"68d4d619-01a5-4e0f-84c6-03d4b1c519e3","avgfps":97.25882352941177,"minfps":6.0,"maxfps":120.0,"cpupwravg":152.05158371040724,"cpupwrmin":19.0,"cpupwrmax":194.0,"gpupwravg":0.0,"gpupwrmin":null,"gpupwrmax":null,"cputempavg":77.19276018099548,"cputempmin":52.0,"cputempmax":83.0,"gputempavg":72.3737556561086,"gputempmin":35.0,"gputempmax":81.0,"mobotempavg":31.438009049773754,"mobotempmin":27.0,"mobotempmax":38.0,"totpwravg":182.43076923076924,"totpwrmin":181.0,"totpwrmax":242.0,"cpuutilavg":36.24524886877828,"cpuutilmin":1.0,"cpuutilmax":90.0,"gpuutilavg":72.13393665158371,"gpuutilmin":0.0,"gpuutilmax":100.0,"vramutilavg":55.069683257918555,"vramutilmin":25.0,"vramutilmax":64.0},{"id":"55db1c8c-9a9b-467a-865e-79ea2f7d97c1","avgfps":75.66129032258064,"minfps":1.0,"maxfps":120.0,"cpupwravg":12.043010752688172,"cpupwrmin":5.0,"cpupwrmax":33.0,"gpupwravg":0.0,"gpupwrmin":null,"gpupwrmax":null,"cputempavg":61.38172043010753,"cputempmin":57.0,"cputempmax":78.0,"gputempavg":48.37096774193548,"gputempmin":41.0,"gputempmax":55.0,"mobotempavg":34.435483870967744,"mobotempmin":33.0,"mobotempmax":37.0,"totpwravg":177.58064516129033,"totpwrmin":177.0,"totpwrmax":179.0,"cpuutilavg":1.5483870967741935,"cpuutilmin":0.0,"cpuutilmax":7.0,"gpuutilavg":28.962365591397848,"gpuutilmin":1.0,"gpuutilmax":83.0,"vramutilavg":21.967741935483872,"vramutilmin":15.0,"vramutilmax":31.0},{"id":"1986c570-e445-4135-825c-0e707b128d56","avgfps":42.99387442572741,"minfps":1.0,"maxfps":46.0,"cpupwravg":19.77029096477795,"cpupwrmin":14.0,"cpupwrmax":34.0,"gpupwravg":0.0,"gpupwrmin":null,"gpupwrmax":null,"cputempavg":58.151607963246555,"cputempmin":53.0,"cputempmax":70.0,"gputempavg":49.90964777947933,"gputempmin":35.0,"gputempmax":54.0,"mobotempavg":33.35987748851455,"mobotempmin":30.0,"mobotempmax":35.0,"totpwravg":177.0,"totpwrmin":177.0,"totpwrmax":177.0,"cpuutilavg":1.2496171516079633,"cpuutilmin":0.0,"cpuutilmax":6.0,"gpuutilavg":30.064318529862174,"gpuutilmin":3.0,"gpuutilmax":85.0,"vramutilavg":18.64624808575804,"vramutilmin":13.0,"vramutilmax":29.0},{"id":"b7670ca1-d523-4c34-b7a7-72b02a78c774","avgfps":113.6462962962963,"minfps":3.0,"maxfps":120.0,"cpupwravg":40.487037037037034,"cpupwrmin":10.0,"cpupwrmax":106.0,"gpupwravg":0.0,"gpupwrmin":null,"gpupwrmax":null,"cputempavg":59.34444444444444,"cputempmin":53.0,"cputempmax":76.0,"gputempavg":52.955555555555556,"gputempmin":38.0,"gputempmax":64.0,"mobotempavg":34.78703703703704,"mobotempmin":33.0,"mobotempmax":36.0,"totpwravg":177.0,"totpwrmin":177.0,"totpwrmax":177.0,"cpuutilavg":1.3981481481481481,"cpuutilmin":0.0,"cpuutilmax":12.0,"gpuutilavg":37.28703703703704,"gpuutilmin":0.0,"gpuutilmax":56.0,"vramutilavg":28.122222222222224,"vramutilmin":22.0,"vramutilmax":38.0},{"id":"c549a5cf-50e5-444f-b847-457b531fc430","avgfps":15.5,"minfps":15.0,"maxfps":16.0,"cpupwravg":17.5,"cpupwrmin":17.0,"cpupwrmax":18.0,"gpupwravg":0.0,"gpupwrmin":null,"gpupwrmax":null,"cputempavg":66.0,"cputempmin":64.0,"cputempmax":68.0,"gputempavg":45.5,"gputempmin":45.0,"gputempmax":46.0,"mobotempavg":32.0,"mobotempmin":32.0,"mobotempmax":32.0,"totpwravg":177.0,"totpwrmin":177.0,"totpwrmax":177.0,"cpuutilavg":5.5,"cpuutilmin":1.0,"cpuutilmax":10.0,"gpuutilavg":31.0,"gpuutilmin":27.0,"gpuutilmax":35.0,"vramutilavg":23.0,"vramutilmin":22.0,"vramutilmax":24.0},{"id":"1bdd7b00-5968-467f-8ab3-987d3e841351","avgfps":101.43909774436091,"minfps":2.0,"maxfps":120.0,"cpupwravg":18.670676691729323,"cpupwrmin":8.0,"cpupwrmax":53.0,"gpupwravg":0.0,"gpupwrmin":null,"gpupwrmax":null,"cputempavg":61.94436090225564,"cputempmin":54.0,"cputempmax":78.0,"gputempavg":49.78947368421053,"gputempmin":43.0,"gputempmax":58.0,"mobotempavg":35.863157894736844,"mobotempmin":34.0,"mobotempmax":38.0,"totpwravg":221.42706766917294,"totpwrmin":204.0,"totpwrmax":281.0,"cpuutilavg":1.625563909774436,"cpuutilmin":0.0,"cpuutilmax":11.0,"gpuutilavg":34.66315789473684,"gpuutilmin":0.0,"gpuutilmax":75.0,"vramutilavg":23.941353383458647,"vramutilmin":14.0,"vramutilmax":32.0},{"id":"9f8685de-4cac-463b-8f5f-2960e8aba894","avgfps":62.2,"minfps":51.0,"maxfps":91.0,"cpupwravg":125.4,"cpupwrmin":7.0,"cpupwrmax":181.0,"gpupwravg":0.0,"gpupwrmin":null,"gpupwrmax":null,"cputempavg":72.6,"cputempmin":63.0,"cputempmax":77.0,"gputempavg":66.8,"gputempmin":54.0,"gputempmax":77.0,"mobotempavg":33.8,"mobotempmin":33.0,"mobotempmax":34.0,"totpwravg":225.1,"totpwrmin":181.0,"totpwrmax":342.0,"cpuutilavg":1.1,"cpuutilmin":0.0,"cpuutilmax":2.0,"gpuutilavg":75.7,"gpuutilmin":47.0,"gpuutilmax":100.0,"vramutilavg":47.2,"vramutilmin":14.0,"vramutilmax":82.0},{"id":"ee838e40-602a-4816-921e-0ed20f2e3239","avgfps":56.75,"minfps":19.0,"maxfps":60.0,"cpupwravg":72.46428571428571,"cpupwrmin":22.0,"cpupwrmax":150.0,"gpupwravg":0.0,"gpupwrmin":null,"gpupwrmax":null,"cputempavg":62.857142857142854,"cputempmin":55.0,"cputempmax":78.0,"gputempavg":56.642857142857146,"gputempmin":40.0,"gputempmax":71.0,"mobotempavg":34.92857142857143,"mobotempmin":34.0,"mobotempmax":37.0,"totpwravg":227.17857142857142,"totpwrmin":204.0,"totpwrmax":307.0,"cpuutilavg":1.8214285714285714,"cpuutilmin":0.0,"cpuutilmax":15.0,"gpuutilavg":32.82142857142857,"gpuutilmin":6.0,"gpuutilmax":68.0,"vramutilavg":26.357142857142858,"vramutilmin":18.0,"vramutilmax":60.0},{"id":"045c8773-8de4-42ed-82a1-c0c7fdf3c13f","avgfps":59.09090909090909,"minfps":57.0,"maxfps":60.0,"cpupwravg":153.1818181818182,"cpupwrmin":30.0,"cpupwrmax":175.0,"gpupwravg":0.0,"gpupwrmin":null,"gpupwrmax":null,"cputempavg":66.45454545454545,"cputempmin":60.0,"cputempmax":74.0,"gputempavg":71.9090909090909,"gputempmin":43.0,"gputempmax":78.0,"mobotempavg":35.09090909090909,"mobotempmin":33.0,"mobotempmax":36.0,"totpwravg":210.0,"totpwrmin":210.0,"totpwrmax":210.0,"cpuutilavg":2.4545454545454546,"cpuutilmin":1.0,"cpuutilmax":8.0,"gpuutilavg":74.63636363636364,"gpuutilmin":12.0,"gpuutilmax":89.0,"vramutilavg":14.0,"vramutilmin":14.0,"vramutilmax":14.0},{"id":"310d4d64-f217-4e1b-b3fb-dc3e679c6711","avgfps":117.47619047619048,"minfps":75.0,"maxfps":120.0,"cpupwravg":24.314285714285713,"cpupwrmin":7.0,"cpupwrmax":144.0,"gpupwravg":0.0,"gpupwrmin":null,"gpupwrmax":null,"cputempavg":62.86666666666667,"cputempmin":56.0,"cputempmax":71.0,"gputempavg":56.0,"gputempmin":40.0,"gputempmax":72.0,"mobotempavg":35.2952380952381,"mobotempmin":34.0,"mobotempmax":37.0,"totpwravg":266.2,"totpwrmin":181.0,"totpwrmax":378.0,"cpuutilavg":1.5333333333333334,"cpuutilmin":0.0,"cpuutilmax":4.0,"gpuutilavg":50.86666666666667,"gpuutilmin":25.0,"gpuutilmax":100.0,"vramutilavg":30.495238095238093,"vramutilmin":22.0,"vramutilmax":43.0},{"id":"999bba2e-9428-486e-9680-434613e59f24","avgfps":58.883008356545965,"minfps":1.0,"maxfps":117.0,"cpupwravg":25.621727019498607,"cpupwrmin":8.0,"cpupwrmax":57.0,"gpupwravg":0.0,"gpupwrmin":null,"gpupwrmax":null,"cputempavg":63.791643454039,"cputempmin":50.0,"cputempmax":79.0,"gputempavg":50.06740947075209,"gputempmin":33.0,"gputempmax":57.0,"mobotempavg":31.601671309192202,"mobotempmin":26.0,"mobotempmax":34.0,"totpwravg":182.49192200557104,"totpwrmin":182.0,"totpwrmax":260.0,"cpuutilavg":13.785515320334262,"cpuutilmin":1.0,"cpuutilmax":46.0,"gpuutilavg":38.587186629526464,"gpuutilmin":0.0,"gpuutilmax":64.0,"vramutilavg":28.698607242339833,"vramutilmin":19.0,"vramutilmax":39.0},{"id":"3033dec1-d9da-4ea1-9038-1c16c7214ce2","avgfps":117.74074074074075,"minfps":1.0,"maxfps":120.0,"cpupwravg":41.4320987654321,"cpupwrmin":8.0,"cpupwrmax":99.0,"gpupwravg":0.0,"gpupwrmin":null,"gpupwrmax":null,"cputempavg":64.60493827160494,"cputempmin":55.0,"cputempmax":80.0,"gputempavg":49.63374485596708,"gputempmin":39.0,"gputempmax":63.0,"mobotempavg":33.181069958847736,"mobotempmin":30.0,"mobotempmax":36.0,"totpwravg":179.85185185185185,"totpwrmin":153.0,"totpwrmax":253.0,"cpuutilavg":7.518518518518518,"cpuutilmin":0.0,"cpuutilmax":50.0,"gpuutilavg":32.42798353909465,"gpuutilmin":0.0,"gpuutilmax":49.0,"vramutilavg":27.049382716049383,"vramutilmin":20.0,"vramutilmax":30.0},{"id":"b550bf0e-79f2-4a51-94e4-b69901840fb3","avgfps":118.0,"minfps":117.0,"maxfps":119.0,"cpupwravg":91.3,"cpupwrmin":87.0,"cpupwrmax":101.0,"gpupwravg":0.0,"gpupwrmin":null,"gpupwrmax":null,"cputempavg":67.4,"cputempmin":60.0,"cputempmax":76.0,"gputempavg":60.9,"gputempmin":59.0,"gputempmax":63.0,"mobotempavg":35.8,"mobotempmin":35.0,"mobotempmax":36.0,"totpwravg":318.3,"totpwrmin":279.0,"totpwrmax":341.0,"cpuutilavg":1.9,"cpuutilmin":1.0,"cpuutilmax":3.0,"gpuutilavg":40.0,"gpuutilmin":37.0,"gpuutilmax":45.0,"vramutilavg":35.9,"vramutilmin":35.0,"vramutilmax":36.0},{"id":"45d81bb5-0517-4a1c-8597-04aebf4d34fa","avgfps":55.93201320132013,"minfps":2.0,"maxfps":99.0,"cpupwravg":92.51551155115511,"cpupwrmin":7.0,"cpupwrmax":189.0,"gpupwravg":0.0,"gpupwrmin":null,"gpupwrmax":null,"cputempavg":74.32211221122112,"cputempmin":52.0,"cputempmax":88.0,"gputempavg":59.4039603960396,"gputempmin":35.0,"gputempmax":83.0,"mobotempavg":32.4996699669967,"mobotempmin":29.0,"mobotempmax":40.0,"totpwravg":252.65940594059407,"totpwrmin":174.0,"totpwrmax":481.0,"cpuutilavg":16.69108910891089,"cpuutilmin":0.0,"cpuutilmax":60.0,"gpuutilavg":45.382838283828384,"gpuutilmin":0.0,"gpuutilmax":100.0,"vramutilavg":61.38547854785479,"vramutilmin":13.0,"vramutilmax":83.0},{"id":"306feb32-e01b-4ada-9e36-4c3afd3c5446","avgfps":95.12,"minfps":4.0,"maxfps":119.0,"cpupwravg":128.74,"cpupwrmin":10.0,"cpupwrmax":169.0,"gpupwravg":0.0,"gpupwrmin":null,"gpupwrmax":null,"cputempavg":69.68,"cputempmin":62.0,"cputempmax":79.0,"gputempavg":67.68,"gputempmin":43.0,"gputempmax":78.0,"mobotempavg":32.02,"mobotempmin":31.0,"mobotempmax":33.0,"totpwravg":296.76,"totpwrmin":182.0,"totpwrmax":421.0,"cpuutilavg":6.8,"cpuutilmin":1.0,"cpuutilmax":47.0,"gpuutilavg":59.02,"gpuutilmin":2.0,"gpuutilmax":81.0,"vramutilavg":53.82,"vramutilmin":16.0,"vramutilmax":75.0},{"id":"f4d7292b-a8cd-40c8-9862-0a3330328523","avgfps":78.86111111111111,"minfps":32.0,"maxfps":119.0,"cpupwravg":144.08333333333334,"cpupwrmin":13.0,"cpupwrmax":189.0,"gpupwravg":0.0,"gpupwrmin":null,"gpupwrmax":null,"cputempavg":65.58333333333333,"cputempmin":59.0,"cputempmax":72.0,"gputempavg":71.66666666666667,"gputempmin":38.0,"gputempmax":81.0,"mobotempavg":35.083333333333336,"mobotempmin":33.0,"mobotempmax":38.0,"totpwravg":183.0,"totpwrmin":183.0,"totpwrmax":183.0,"cpuutilavg":2.0555555555555554,"cpuutilmin":1.0,"cpuutilmax":5.0,"gpuutilavg":62.72222222222222,"gpuutilmin":0.0,"gpuutilmax":96.0,"vramutilavg":39.888888888888886,"vramutilmin":17.0,"vramutilmax":45.0},{"id":"88c06f51-9123-49b2-95d0-201049444cf5","avgfps":98.75,"minfps":54.0,"maxfps":115.0,"cpupwravg":22.5,"cpupwrmin":20.0,"cpupwrmax":29.0,"gpupwravg":0.0,"gpupwrmin":null,"gpupwrmax":null,"cputempavg":51.5,"cputempmin":51.0,"cputempmax":53.0,"gputempavg":38.5,"gputempmin":37.0,"gputempmax":40.0,"mobotempavg":27.5,"mobotempmin":27.0,"mobotempmax":28.0,"totpwravg":182.0,"totpwrmin":182.0,"totpwrmax":182.0,"cpuutilavg":12.5,"cpuutilmin":10.0,"cpuutilmax":16.0,"gpuutilavg":30.0,"gpuutilmin":10.0,"gpuutilmax":44.0,"vramutilavg":21.0,"vramutilmin":21.0,"vramutilmax":21.0},{"id":"9e1f8d28-dad5-49b1-8b3b-fc6474636bee","avgfps":103.78571428571429,"minfps":11.0,"maxfps":120.0,"cpupwravg":111.88145896656535,"cpupwrmin":21.0,"cpupwrmax":167.0,"gpupwravg":0.0,"gpupwrmin":null,"gpupwrmax":null,"cputempavg":70.14741641337386,"cputempmin":52.0,"cputempmax":82.0,"gputempavg":63.74088145896656,"gputempmin":43.0,"gputempmax":76.0,"mobotempavg":30.75075987841945,"mobotempmin":27.0,"mobotempmax":33.0,"totpwravg":182.0,"totpwrmin":182.0,"totpwrmax":182.0,"cpuutilavg":28.89741641337386,"cpuutilmin":7.0,"cpuutilmax":53.0,"gpuutilavg":53.5387537993921,"gpuutilmin":0.0,"gpuutilmax":82.0,"vramutilavg":47.857142857142854,"vramutilmin":28.0,"vramutilmax":55.0}]