[{"id":"d3be058a-9c90-4aa7-ab45-a432829c0696","avgfps":96.04422604422605,"minfps":1.0,"maxfps":120.0,"cpupwravg":55.78378378378378,"cpupwrmin":32.0,"cpupwrmax":83.0,"gpupwravg":126.25552825552826,"gpupwrmin":25.0,"gpupwrmax":197.0,"cputempavg":71.06633906633907,"cputempmin":54.0,"cputempmax":82.0,"gputempavg":66.6928746928747,"gputempmin":42.0,"gputempmax":83.0,"mobotempavg":36.86486486486486,"mobotempmin":31.0,"mobotempmax":43.0,"totpwravg":320.4029484029484,"totpwrmin":179.0,"totpwrmax":502.0,"cpuutilavg":2.211302211302211,"cpuutilmin":0.0,"cpuutilmax":7.0,"gpuutilavg":78.31941031941032,"gpuutilmin":30.0,"gpuutilmax":100.0,"vramutilavg":35.62899262899263,"vramutilmin":24.0,"vramutilmax":47.0},{"id":-2,"avgfps":77.14764397905759,"minfps":1.0,"maxfps":120.0,"cpupwravg":54.67225130890052,"cpupwrmin":32.0,"cpupwrmax":97.0,"gpupwravg":113.87329842931938,"gpupwrmin":6.0,"gpupwrmax":190.0,"cputempavg":69.84293193717278,"cputempmin":52.0,"cputempmax":86.0,"gputempavg":69.10052356020942,"gputempmin":25.0,"gputempmax":84.0,"mobotempavg":37.677486910994766,"mobotempmin":22.0,"mobotempmax":48.0,"totpwravg":189.99267015706806,"totpwrmin":100.0,"totpwrmax":487.0,"cpuutilavg":21.1130890052356,"cpuutilmin":0.0,"cpuutilmax":72.0,"gpuutilavg":65.32356020942409,"gpuutilmin":0.0,"gpuutilmax":100.0,"vramutilavg":60.46806282722513,"vramutilmin":9.0,"vramutilmax":97.0},{"id":-1,"avgfps":60.671527777777776,"minfps":1.0,"maxfps":255.0,"cpupwravg":53.075694444444444,"cpupwrmin":28.0,"cpupwrmax":112.0,"gpupwravg":111.92430555555555,"gpupwrmin":3.0,"gpupwrmax":195.0,"cputempavg":66.7298611111111,"cputempmin":30.0,"cputempmax":91.0,"gputempavg":63.00208333333333,"gputempmin":27.0,"gputempmax":84.0,"mobotempavg":38.30763888888889,"mobotempmin":25.0,"mobotempmax":65.0,"totpwravg":173.15555555555557,"totpwrmin":0.0,"totpwrmax":501.0,"cpuutilavg":20.491666666666667,"cpuutilmin":0.0,"cpuutilmax":100.0,"gpuutilavg":64.16875,"gpuutilmin":0.0,"gpuutilmax":100.0,"vramutilavg":42.60625,"vramutilmin":0.0,"vramutilmax":95.0},{"id":"23aa48c8-2ca9-405f-a77c-8535eb7a93f6","avgfps":94.0,"minfps":70.0,"maxfps":118.0,"cpupwravg":54.0,"cpupwrmin":44.0,"cpupwrmax":64.0,"gpupwravg":14.0,"gpupwrmin":10.0,"gpupwrmax":18.0,"cputempavg":70.0,"cputempmin":63.0,"cputempmax":77.0,"gputempavg":49.5,"gputempmin":49.0,"gputempmax":50.0,"mobotempavg":38.0,"mobotempmin":38.0,"mobotempmax":38.0,"totpwravg":250.0,"totpwrmin":229.0,"totpwrmax":271.0,"cpuutilavg":3.0,"cpuutilmin":1.0,"cpuutilmax":5.0,"gpuutilavg":28.0,"gpuutilmin":15.0,"gpuutilmax":41.0,"vramutilavg":15.5,"vramutilmin":15.0,"vramutilmax":16.0},{"id":"091389e0-9f4e-4259-8192-2af2dbf4285f","avgfps":95.87817258883248,"minfps":18.0,"maxfps":119.0,"cpupwravg":43.52791878172589,"cpupwrmin":36.0,"cpupwrmax":60.0,"gpupwravg":32.63959390862944,"gpupwrmin":21.0,"gpupwrmax":75.0,"cputempavg":60.59390862944162,"cputempmin":45.0,"cputempmax":73.0,"gputempavg":49.47715736040609,"gputempmin":35.0,"gputempmax":62.0,"mobotempavg":34.81725888324873,"mobotempmin":29.0,"mobotempmax":40.0,"totpwravg":248.44162436548223,"totpwrmin":180.0,"totpwrmax":295.0,"cpuutilavg":1.83248730964467,"cpuutilmin":0.0,"cpuutilmax":4.0,"gpuutilavg":36.76142131979695,"gpuutilmin":9.0,"gpuutilmax":59.0,"vramutilavg":59.13705583756345,"vramutilmin":9.0,"vramutilmax":77.0},{"id":"3fc63f4c-c5ca-457b-ab4a-3a93ee2ac0ce","avgfps":80.27586206896552,"minfps":54.0,"maxfps":119.0,"cpupwravg":53.3448275862069,"cpupwrmin":38.0,"cpupwrmax":71.0,"gpupwravg":121.44827586206897,"gpupwrmin":28.0,"gpupwrmax":185.0,"cputempavg":66.34482758620689,"cputempmin":56.0,"cputempmax":77.0,"gputempavg":64.41379310344827,"gputempmin":42.0,"gputempmax":75.0,"mobotempavg":34.44827586206897,"mobotempmin":33.0,"mobotempmax":37.0,"totpwravg":215.93103448275863,"totpwrmin":180.0,"totpwrmax":360.0,"cpuutilavg":1.6206896551724137,"cpuutilmin":0.0,"cpuutilmax":5.0,"gpuutilavg":54.827586206896555,"gpuutilmin":19.0,"gpuutilmax":92.0,"vramutilavg":24.482758620689655,"vramutilmin":9.0,"vramutilmax":39.0},{"id":"486a0c35-94ac-4633-8bfb-0a9a161ccaa0","avgfps":58.01062322946176,"minfps":26.0,"maxfps":116.0,"cpupwravg":55.43130311614731,"cpupwrmin":38.0,"cpupwrmax":115.0,"gpupwravg":173.18980169971672,"gpupwrmin":18.0,"gpupwrmax":186.0,"cputempavg":70.27124645892351,"cputempmin":55.0,"cputempmax":90.0,"gputempavg":75.67209631728045,"gputempmin":40.0,"gputempmax":81.0,"mobotempavg":35.85481586402266,"mobotempmin":29.0,"mobotempmax":43.0,"totpwravg":383.35056657223794,"totpwrmin":170.0,"totpwrmax":497.0,"cpuutilavg":3.311614730878187,"cpuutilmin":1.0,"cpuutilmax":44.0,"gpuutilavg":90.9199716713881,"gpuutilmin":0.0,"gpuutilmax":100.0,"vramutilavg":70.67634560906515,"vramutilmin":17.0,"vramutilmax":99.0},{"id":"95a62195-ca77-4d79-a834-f963c4b6bd75","avgfps":52.69590643274854,"minfps":23.0,"maxfps":119.0,"cpupwravg":39.13255360623781,"cpupwrmin":34.0,"cpupwrmax":53.0,"gpupwravg":96.70175438596492,"gpupwrmin":26.0,"gpupwrmax":181.0,"cputempavg":62.14035087719298,"cputempmin":53.0,"cputempmax":73.0,"gputempavg":61.03508771929825,"gputempmin":42.0,"gputempmax":79.0,"mobotempavg":33.94736842105263,"mobotempmin":30.0,"mobotempmax":39.0,"totpwravg":311.08187134502924,"totpwrmin":196.0,"totpwrmax":433.0,"cpuutilavg":1.263157894736842,"cpuutilmin":0.0,"cpuutilmax":5.0,"gpuutilavg":79.88109161793372,"gpuutilmin":31.0,"gpuutilmax":100.0,"vramutilavg":55.85575048732944,"vramutilmin":29.0,"vramutilmax":78.0},{"id":"74a6562f-b8de-4411-b408-c696a5d4bbcc","avgfps":59.25454545454546,"minfps":27.0,"maxfps":155.0,"cpupwravg":49.445454545454545,"cpupwrmin":36.0,"cpupwrmax":79.0,"gpupwravg":126.8030303030303,"gpupwrmin":25.0,"gpupwrmax":177.0,"cputempavg":63.18181818181818,"cputempmin":46.0,"cputempmax":82.0,"gputempavg":69.36060606060606,"gputempmin":39.0,"gputempmax":84.0,"mobotempavg":36.663636363636364,"mobotempmin":27.0,"mobotempmax":44.0,"totpwravg":190.77575757575758,"totpwrmin":180.0,"totpwrmax":438.0,"cpuutilavg":28.818181818181817,"cpuutilmin":0.0,"cpuutilmax":55.0,"gpuutilavg":66.0939393939394,"gpuutilmin":10.0,"gpuutilmax":97.0,"vramutilavg":21.578787878787878,"vramutilmin":9.0,"vramutilmax":75.0},{"id":"3a651848-c6e3-424b-8dde-ea62e939b6b1","avgfps":58.916666666666664,"minfps":35.0,"maxfps":60.0,"cpupwravg":49.548611111111114,"cpupwrmin":36.0,"cpupwrmax":83.0,"gpupwravg":85.61111111111111,"gpupwrmin":10.0,"gpupwrmax":140.0,"cputempavg":70.32638888888889,"cputempmin":56.0,"cputempmax":76.0,"gputempavg":59.986111111111114,"gputempmin":38.0,"gputempmax":72.0,"mobotempavg":33.86805555555556,"mobotempmin":30.0,"mobotempmax":36.0,"totpwravg":227.56944444444446,"totpwrmin":164.0,"totpwrmax":357.0,"cpuutilavg":3.4375,"cpuutilmin":1.0,"cpuutilmax":30.0,"gpuutilavg":44.798611111111114,"gpuutilmin":8.0,"gpuutilmax":93.0,"vramutilavg":36.041666666666664,"vramutilmin":8.0,"vramutilmax":43.0},{"id":"486a26c0-7d6d-4dcc-8a5d-d3c9a965d308","avgfps":116.77997671711292,"minfps":28.0,"maxfps":120.0,"cpupwravg":48.50756693830035,"cpupwrmin":38.0,"cpupwrmax":84.0,"gpupwravg":126.42956926658906,"gpupwrmin":35.0,"gpupwrmax":158.0,"cputempavg":67.83352735739231,"cputempmin":59.0,"cputempmax":86.0,"gputempavg":67.32130384167637,"gputempmin":43.0,"gputempmax":75.0,"mobotempavg":35.39348079161816,"mobotempmin":34.0,"mobotempmax":41.0,"totpwravg":220.80442374854482,"totpwrmin":181.0,"totpwrmax":411.0,"cpuutilavg":1.7962747380675204,"cpuutilmin":0.0,"cpuutilmax":25.0,"gpuutilavg":74.49708963911525,"gpuutilmin":0.0,"gpuutilmax":100.0,"vramutilavg":37.06053550640279,"vramutilmin":24.0,"vramutilmax":51.0},{"id":"4ac5dc4e-bb0e-49ae-bffd-df638546bbbf","avgfps":59.2520325203252,"minfps":21.0,"maxfps":89.0,"cpupwravg":58.951219512195124,"cpupwrmin":43.0,"cpupwrmax":113.0,"gpupwravg":148.96747967479675,"gpupwrmin":49.0,"gpupwrmax":182.0,"cputempavg":75.22764227642277,"cputempmin":67.0,"cputempmax":89.0,"gputempavg":70.22764227642277,"gputempmin":51.0,"gputempmax":78.0,"mobotempavg":35.926829268292686,"mobotempmin":33.0,"mobotempmax":40.0,"totpwravg":408.1788617886179,"totpwrmin":224.0,"totpwrmax":466.0,"cpuutilavg":7.2439024390243905,"cpuutilmin":2.0,"cpuutilmax":96.0,"gpuutilavg":90.71544715447155,"gpuutilmin":36.0,"gpuutilmax":100.0,"vramutilavg":78.52845528455285,"vramutilmin":34.0,"vramutilmax":86.0},{"id":"95a7a6b6-1656-47e8-abfa-103608c62b68","avgfps":72.7483108108108,"minfps":5.0,"maxfps":120.0,"cpupwravg":65.03378378378379,"cpupwrmin":43.0,"cpupwrmax":110.0,"gpupwravg":180.13260135135135,"gpupwrmin":16.0,"gpupwrmax":194.0,"cputempavg":77.05405405405405,"cputempmin":60.0,"cputempmax":87.0,"gputempavg":80.16131756756756,"gputempmin":46.0,"gputempmax":85.0,"mobotempavg":31.618243243243242,"mobotempmin":28.0,"mobotempmax":42.0,"totpwravg":193.1579391891892,"totpwrmin":182.0,"totpwrmax":459.0,"cpuutilavg":27.214527027027028,"cpuutilmin":2.0,"cpuutilmax":78.0,"gpuutilavg":91.57854729729729,"gpuutilmin":0.0,"gpuutilmax":100.0,"vramutilavg":55.595439189189186,"vramutilmin":24.0,"vramutilmax":64.0},{"id":"223a62fb-e08d-455f-97ee-5b22c706facd","avgfps":117.57049180327868,"minfps":15.0,"maxfps":120.0,"cpupwravg":42.72786885245902,"cpupwrmin":30.0,"cpupwrmax":68.0,"gpupwravg":13.970491803278689,"gpupwrmin":7.0,"gpupwrmax":35.0,"cputempavg":59.676502732240436,"cputempmin":51.0,"cputempmax":70.0,"gputempavg":55.2775956284153,"gputempmin":35.0,"gputempmax":60.0,"mobotempavg":35.72786885245902,"mobotempmin":29.0,"mobotempmax":42.0,"totpwravg":191.04043715846996,"totpwrmin":177.0,"totpwrmax":272.0,"cpuutilavg":1.498360655737705,"cpuutilmin":0.0,"cpuutilmax":7.0,"gpuutilavg":38.212021857923496,"gpuutilmin":5.0,"gpuutilmax":61.0,"vramutilavg":24.159562841530054,"vramutilmin":12.0,"vramutilmax":34.0},{"id":"68d4d619-01a5-4e0f-84c6-03d4b1c519e3","avgfps":96.51970743600162,"minfps":4.0,"maxfps":120.0,"cpupwravg":70.73953677366924,"cpupwrmin":32.0,"cpupwrmax":105.0,"gpupwravg":158.6822429906542,"gpupwrmin":19.0,"gpupwrmax":195.0,"cputempavg":77.99065420560747,"cputempmin":52.0,"cputempmax":90.0,"gputempavg":75.78057700121902,"gputempmin":35.0,"gputempmax":83.0,"mobotempavg":35.45916294189354,"mobotempmin":26.0,"mobotempmax":46.0,"totpwravg":182.19341731003658,"totpwrmin":181.0,"totpwrmax":242.0,"cpuutilavg":33.036976838683465,"cpuutilmin":1.0,"cpuutilmax":90.0,"gpuutilavg":78.76716781796019,"gpuutilmin":0.0,"gpuutilmax":100.0,"vramutilavg":56.915075172694024,"vramutilmin":25.0,"vramutilmax":69.0},{"id":"55db1c8c-9a9b-467a-865e-79ea2f7d97c1","avgfps":75.66129032258064,"minfps":1.0,"maxfps":120.0,"cpupwravg":39.81182795698925,"cpupwrmin":34.0,"cpupwrmax":71.0,"gpupwravg":12.043010752688172,"gpupwrmin":5.0,"gpupwrmax":33.0,"cputempavg":61.38172043010753,"cputempmin":57.0,"cputempmax":78.0,"gputempavg":48.37096774193548,"gputempmin":41.0,"gputempmax":55.0,"mobotempavg":34.435483870967744,"mobotempmin":33.0,"mobotempmax":37.0,"totpwravg":177.58064516129033,"totpwrmin":177.0,"totpwrmax":179.0,"cpuutilavg":1.5483870967741935,"cpuutilmin":0.0,"cpuutilmax":7.0,"gpuutilavg":28.962365591397848,"gpuutilmin":1.0,"gpuutilmax":83.0,"vramutilavg":21.967741935483872,"vramutilmin":15.0,"vramutilmax":31.0},{"id":"1986c570-e445-4135-825c-0e707b128d56","avgfps":42.99387442572741,"minfps":1.0,"maxfps":46.0,"cpupwravg":38.60949464012251,"cpupwrmin":34.0,"cpupwrmax":51.0,"gpupwravg":19.77029096477795,"gpupwrmin":14.0,"gpupwrmax":34.0,"cputempavg":58.151607963246555,"cputempmin":53.0,"cputempmax":70.0,"gputempavg":49.90964777947933,"gputempmin":35.0,"gputempmax":54.0,"mobotempavg":33.35987748851455,"mobotempmin":30.0,"mobotempmax":35.0,"totpwravg":177.0,"totpwrmin":177.0,"totpwrmax":177.0,"cpuutilavg":1.2496171516079633,"cpuutilmin":0.0,"cpuutilmax":6.0,"gpuutilavg":30.064318529862174,"gpuutilmin":3.0,"gpuutilmax":85.0,"vramutilavg":18.64624808575804,"vramutilmin":13.0,"vramutilmax":29.0},{"id":"b7670ca1-d523-4c34-b7a7-72b02a78c774","avgfps":113.6462962962963,"minfps":3.0,"maxfps":120.0,"cpupwravg":40.85925925925926,"cpupwrmin":36.0,"cpupwrmax":80.0,"gpupwravg":40.487037037037034,"gpupwrmin":10.0,"gpupwrmax":106.0,"cputempavg":59.34444444444444,"cputempmin":53.0,"cputempmax":76.0,"gputempavg":52.955555555555556,"gputempmin":38.0,"gputempmax":64.0,"mobotempavg":34.78703703703704,"mobotempmin":33.0,"mobotempmax":36.0,"totpwravg":177.0,"totpwrmin":177.0,"totpwrmax":177.0,"cpuutilavg":1.3981481481481481,"cpuutilmin":0.0,"cpuutilmax":12.0,"gpuutilavg":37.28703703703704,"gpuutilmin":0.0,"gpuutilmax":56.0,"vramutilavg":28.122222222222224,"vramutilmin":22.0,"vramutilmax":38.0},{"id":"c549a5cf-50e5-444f-b847-457b531fc430","avgfps":15.5,"minfps":15.0,"maxfps":16.0,"cpupwravg":55.0,"cpupwrmin":45.0,"cpupwrmax":65.0,"gpupwravg":17.5,"gpupwrmin":17.0,"gpupwrmax":18.0,"cputempavg":66.0,"cputempmin":64.0,"cputempmax":68.0,"gputempavg":45.5,"gputempmin":45.0,"gputempmax":46.0,"mobotempavg":32.0,"mobotempmin":32.0,"mobotempmax":32.0,"totpwravg":177.0,"totpwrmin":177.0,"totpwrmax":177.0,"cpuutilavg":5.5,"cpuutilmin":1.0,"cpuutilmax":10.0,"gpuutilavg":31.0,"gpuutilmin":27.0,"gpuutilmax":35.0,"vramutilavg":23.0,"vramutilmin":22.0,"vramutilmax":24.0},{"id":"1bdd7b00-5968-467f-8ab3-987d3e841351","avgfps":101.43909774436091,"minfps":2.0,"maxfps":120.0,"cpupwravg":43.47518796992481,"cpupwrmin":36.0,"cpupwrmax":72.0,"gpupwravg":18.670676691729323,"gpupwrmin":8.0,"gpupwrmax":53.0,"cputempavg":61.94436090225564,"cputempmin":54.0,"cputempmax":78.0,"gputempavg":49.78947368421053,"gputempmin":43.0,"gputempmax":58.0,"mobotempavg":35.863157894736844,"mobotempmin":34.0,"mobotempmax":38.0,"totpwravg":221.42706766917294,"totpwrmin":204.0,"totpwrmax":281.0,"cpuutilavg":1.625563909774436,"cpuutilmin":0.0,"cpuutilmax":11.0,"gpuutilavg":34.66315789473684,"gpuutilmin":0.0,"gpuutilmax":75.0,"vramutilavg":23.941353383458647,"vramutilmin":14.0,"vramutilmax":32.0},{"id":"9f8685de-4cac-463b-8f5f-2960e8aba894","avgfps":59.235408560311285,"minfps":4.0,"maxfps":120.0,"cpupwravg":60.05058365758755,"cpupwrmin":38.0,"cpupwrmax":94.0,"gpupwravg":159.40661478599222,"gpupwrmin":7.0,"gpupwrmax":194.0,"cputempavg":78.67704280155642,"cputempmin":63.0,"cputempmax":91.0,"gputempavg":78.93774319066148,"gputempmin":45.0,"gputempmax":85.0,"mobotempavg":36.09533073929961,"mobotempmin":32.0,"mobotempmax":51.0,"totpwravg":293.9396887159533,"totpwrmin":181.0,"totpwrmax":472.0,"cpuutilavg":20.96887159533074,"cpuutilmin":0.0,"cpuutilmax":54.0,"gpuutilavg":88.69260700389106,"gpuutilmin":0.0,"gpuutilmax":100.0,"vramutilavg":60.81906614785992,"vramutilmin":12.0,"vramutilmax":82.0},{"id":"ee838e40-602a-4816-921e-0ed20f2e3239","avgfps":62.806451612903224,"minfps":19.0,"maxfps":120.0,"cpupwravg":43.41935483870968,"cpupwrmin":37.0,"cpupwrmax":82.0,"gpupwravg":78.35483870967742,"gpupwrmin":22.0,"gpupwrmax":150.0,"cputempavg":63.83870967741935,"cputempmin":55.0,"cputempmax":78.0,"gputempavg":58.0,"gputempmin":40.0,"gputempmax":72.0,"mobotempavg":34.25806451612903,"mobotempmin":28.0,"mobotempmax":37.0,"totpwravg":222.80645161290323,"totpwrmin":182.0,"totpwrmax":307.0,"cpuutilavg":2.903225806451613,"cpuutilmin":0.0,"cpuutilmax":15.0,"gpuutilavg":35.774193548387096,"gpuutilmin":6.0,"gpuutilmax":68.0,"vramutilavg":27.838709677419356,"vramutilmin":18.0,"vramutilmax":60.0},{"id":"045c8773-8de4-42ed-82a1-c0c7fdf3c13f","avgfps":59.09090909090909,"minfps":57.0,"maxfps":60.0,"cpupwravg":50.72727272727273,"cpupwrmin":46.0,"cpupwrmax":58.0,"gpupwravg":153.1818181818182,"gpupwrmin":30.0,"gpupwrmax":175.0,"cputempavg":66.45454545454545,"cputempmin":60.0,"cputempmax":74.0,"gputempavg":71.9090909090909,"gputempmin":43.0,"gputempmax":78.0,"mobotempavg":35.09090909090909,"mobotempmin":33.0,"mobotempmax":36.0,"totpwravg":210.0,"totpwrmin":210.0,"totpwrmax":210.0,"cpuutilavg":2.4545454545454546,"cpuutilmin":1.0,"cpuutilmax":8.0,"gpuutilavg":74.63636363636364,"gpuutilmin":12.0,"gpuutilmax":89.0,"vramutilavg":14.0,"vramutilmin":14.0,"vramutilmax":14.0},{"id":"310d4d64-f217-4e1b-b3fb-dc3e679c6711","avgfps":117.47619047619048,"minfps":75.0,"maxfps":120.0,"cpupwravg":43.58095238095238,"cpupwrmin":38.0,"cpupwrmax":61.0,"gpupwravg":24.314285714285713,"gpupwrmin":7.0,"gpupwrmax":144.0,"cputempavg":62.86666666666667,"cputempmin":56.0,"cputempmax":71.0,"gputempavg":56.0,"gputempmin":40.0,"gputempmax":72.0,"mobotempavg":35.2952380952381,"mobotempmin":34.0,"mobotempmax":37.0,"totpwravg":266.2,"totpwrmin":181.0,"totpwrmax":378.0,"cpuutilavg":1.5333333333333334,"cpuutilmin":0.0,"cpuutilmax":4.0,"gpuutilavg":50.86666666666667,"gpuutilmin":25.0,"gpuutilmax":100.0,"vramutilavg":30.495238095238093,"vramutilmin":22.0,"vramutilmax":43.0},{"id":"999bba2e-9428-486e-9680-434613e59f24","avgfps":73.32505935678826,"minfps":1.0,"maxfps":120.0,"cpupwravg":53.20461903734082,"cpupwrmin":35.0,"cpupwrmax":93.0,"gpupwravg":28.641484998920784,"gpupwrmin":8.0,"gpupwrmax":112.0,"cputempavg":66.77422836175265,"cputempmin":50.0,"cputempmax":80.0,"gputempavg":50.30412259874811,"gputempmin":29.0,"gputempmax":60.0,"mobotempavg":32.158860349665446,"mobotempmin":25.0,"mobotempmax":38.0,"totpwravg":182.19058925102524,"totpwrmin":182.0,"totpwrmax":260.0,"cpuutilavg":17.927692639758256,"cpuutilmin":1.0,"cpuutilmax":51.0,"gpuutilavg":38.09389164688107,"gpuutilmin":0.0,"gpuutilmax":64.0,"vramutilavg":29.826030649687027,"vramutilmin":19.0,"vramutilmax":52.0},{"id":"3033dec1-d9da-4ea1-9038-1c16c7214ce2","avgfps":117.74074074074075,"minfps":1.0,"maxfps":120.0,"cpupwravg":54.97942386831276,"cpupwrmin":38.0,"cpupwrmax":96.0,"gpupwravg":41.4320987654321,"gpupwrmin":8.0,"gpupwrmax":99.0,"cputempavg":64.60493827160494,"cputempmin":55.0,"cputempmax":80.0,"gputempavg":49.63374485596708,"gputempmin":39.0,"gputempmax":63.0,"mobotempavg":33.181069958847736,"mobotempmin":30.0,"mobotempmax":36.0,"totpwravg":179.85185185185185,"totpwrmin":153.0,"totpwrmax":253.0,"cpuutilavg":7.518518518518518,"cpuutilmin":0.0,"cpuutilmax":50.0,"gpuutilavg":32.42798353909465,"gpuutilmin":0.0,"gpuutilmax":49.0,"vramutilavg":27.049382716049383,"vramutilmin":20.0,"vramutilmax":30.0},{"id":"b550bf0e-79f2-4a51-94e4-b69901840fb3","avgfps":118.0,"minfps":117.0,"maxfps":119.0,"cpupwravg":48.4,"cpupwrmin":40.0,"cpupwrmax":75.0,"gpupwravg":91.3,"gpupwrmin":87.0,"gpupwrmax":101.0,"cputempavg":67.4,"cputempmin":60.0,"cputempmax":76.0,"gputempavg":60.9,"gputempmin":59.0,"gputempmax":63.0,"mobotempavg":35.8,"mobotempmin":35.0,"mobotempmax":36.0,"totpwravg":318.3,"totpwrmin":279.0,"totpwrmax":341.0,"cpuutilavg":1.9,"cpuutilmin":1.0,"cpuutilmax":3.0,"gpuutilavg":40.0,"gpuutilmin":37.0,"gpuutilmax":45.0,"vramutilavg":35.9,"vramutilmin":35.0,"vramutilmax":36.0},{"id":"45d81bb5-0517-4a1c-8597-04aebf4d34fa","avgfps":55.93201320132013,"minfps":2.0,"maxfps":99.0,"cpupwravg":67.17821782178218,"cpupwrmin":38.0,"cpupwrmax":108.0,"gpupwravg":92.51551155115511,"gpupwrmin":7.0,"gpupwrmax":189.0,"cputempavg":74.32211221122112,"cputempmin":52.0,"cputempmax":88.0,"gputempavg":59.4039603960396,"gputempmin":35.0,"gputempmax":83.0,"mobotempavg":32.4996699669967,"mobotempmin":29.0,"mobotempmax":40.0,"totpwravg":252.65940594059407,"totpwrmin":174.0,"totpwrmax":481.0,"cpuutilavg":16.69108910891089,"cpuutilmin":0.0,"cpuutilmax":60.0,"gpuutilavg":45.382838283828384,"gpuutilmin":0.0,"gpuutilmax":100.0,"vramutilavg":61.38547854785479,"vramutilmin":13.0,"vramutilmax":83.0},{"id":"306feb32-e01b-4ada-9e36-4c3afd3c5446","avgfps":95.12,"minfps":4.0,"maxfps":119.0,"cpupwravg":49.52,"cpupwrmin":38.0,"cpupwrmax":85.0,"gpupwravg":128.74,"gpupwrmin":10.0,"gpupwrmax":169.0,"cputempavg":69.68,"cputempmin":62.0,"cputempmax":79.0,"gputempavg":67.68,"gputempmin":43.0,"gputempmax":78.0,"mobotempavg":32.02,"mobotempmin":31.0,"mobotempmax":33.0,"totpwravg":296.76,"totpwrmin":182.0,"totpwrmax":421.0,"cpuutilavg":6.8,"cpuutilmin":1.0,"cpuutilmax":47.0,"gpuutilavg":59.02,"gpuutilmin":2.0,"gpuutilmax":81.0,"vramutilavg":53.82,"vramutilmin":16.0,"vramutilmax":75.0},{"id":"f4d7292b-a8cd-40c8-9862-0a3330328523","avgfps":71.56363636363636,"minfps":32.0,"maxfps":119.0,"cpupwravg":49.63636363636363,"cpupwrmin":39.0,"cpupwrmax":84.0,"gpupwravg":142.6727272727273,"gpupwrmin":13.0,"gpupwrmax":189.0,"cputempavg":67.6,"cputempmin":59.0,"cputempmax":80.0,"gputempavg":71.92727272727272,"gputempmin":38.0,"gputempmax":81.0,"mobotempavg":34.56363636363636,"mobotempmin":32.0,"mobotempmax":38.0,"totpwravg":182.65454545454546,"totpwrmin":182.0,"totpwrmax":183.0,"cpuutilavg":8.072727272727272,"cpuutilmin":1.0,"cpuutilmax":23.0,"gpuutilavg":62.6,"gpuutilmin":0.0,"gpuutilmax":96.0,"vramutilavg":45.10909090909091,"vramutilmin":17.0,"vramutilmax":55.0},{"id":"88c06f51-9123-49b2-95d0-201049444cf5","avgfps":98.75,"minfps":54.0,"maxfps":115.0,"cpupwravg":40.75,"cpupwrmin":38.0,"cpupwrmax":44.0,"gpupwravg":22.5,"gpupwrmin":20.0,"gpupwrmax":29.0,"cputempavg":51.5,"cputempmin":51.0,"cputempmax":53.0,"gputempavg":38.5,"gputempmin":37.0,"gputempmax":40.0,"mobotempavg":27.5,"mobotempmin":27.0,"mobotempmax":28.0,"totpwravg":182.0,"totpwrmin":182.0,"totpwrmax":182.0,"cpuutilavg":12.5,"cpuutilmin":10.0,"cpuutilmax":16.0,"gpuutilavg":30.0,"gpuutilmin":10.0,"gpuutilmax":44.0,"vramutilavg":21.0,"vramutilmin":21.0,"vramutilmax":21.0},{"id":"9e1f8d28-dad5-49b1-8b3b-fc6474636bee","avgfps":103.78571428571429,"minfps":11.0,"maxfps":120.0,"cpupwravg":58.27355623100304,"cpupwrmin":38.0,"cpupwrmax":85.0,"gpupwravg":111.88145896656535,"gpupwrmin":21.0,"gpupwrmax":167.0,"cputempavg":70.14741641337386,"cputempmin":52.0,"cputempmax":82.0,"gputempavg":63.74088145896656,"gputempmin":43.0,"gputempmax":76.0,"mobotempavg":30.75075987841945,"mobotempmin":27.0,"mobotempmax":33.0,"totpwravg":182.0,"totpwrmin":182.0,"totpwrmax":182.0,"cpuutilavg":28.89741641337386,"cpuutilmin":7.0,"cpuutilmax":53.0,"gpuutilavg":53.5387537993921,"gpuutilmin":0.0,"gpuutilmax":82.0,"vramutilavg":47.857142857142854,"vramutilmin":28.0,"vramutilmax":55.0},{"id":"09bbbde6-54f0-41a6-b8b7-f8853c76c0eb","avgfps":105.95440729483283,"minfps":39.0,"maxfps":120.0,"cpupwravg":49.84498480243161,"cpupwrmin":38.0,"cpupwrmax":88.0,"gpupwravg":44.276595744680854,"gpupwrmin":24.0,"gpupwrmax":106.0,"cputempavg":64.38297872340425,"cputempmin":51.0,"cputempmax":79.0,"gputempavg":53.05471124620061,"gputempmin":39.0,"gputempmax":66.0,"mobotempavg":34.38297872340426,"mobotempmin":29.0,"mobotempmax":39.0,"totpwravg":182.0,"totpwrmin":182.0,"totpwrmax":182.0,"cpuutilavg":24.857142857142858,"cpuutilmin":11.0,"cpuutilmax":65.0,"gpuutilavg":25.422492401215806,"gpuutilmin":5.0,"gpuutilmax":46.0,"vramutilavg":24.838905775075986,"vramutilmin":8.0,"vramutilmax":46.0},{"id":"19a6c676-0611-4135-8a51-584bb7ae033e","avgfps":151.83067092651757,"minfps":37.0,"maxfps":499.0,"cpupwravg":66.53354632587859,"cpupwrmin":36.0,"cpupwrmax":94.0,"gpupwravg":97.2555910543131,"gpupwrmin":20.0,"gpupwrmax":191.0,"cputempavg":72.66773162939297,"cputempmin":50.0,"cputempmax":85.0,"gputempavg":61.48562300319489,"gputempmin":30.0,"gputempmax":83.0,"mobotempavg":29.34185303514377,"mobotempmin":25.0,"mobotempmax":34.0,"totpwravg":182.0,"totpwrmin":182.0,"totpwrmax":182.0,"cpuutilavg":21.57188498402556,"cpuutilmin":6.0,"cpuutilmax":33.0,"gpuutilavg":49.81150159744409,"gpuutilmin":0.0,"gpuutilmax":99.0,"vramutilavg":12.993610223642172,"vramutilmin":8.0,"vramutilmax":25.0},{"id":"aff1c4f6-1c38-45d1-9136-4c3983e30414","avgfps":83.64406779661017,"minfps":17.0,"maxfps":370.0,"cpupwravg":57.983050847457626,"cpupwrmin":38.0,"cpupwrmax":99.0,"gpupwravg":88.40677966101696,"gpupwrmin":28.0,"gpupwrmax":195.0,"cputempavg":71.32203389830508,"cputempmin":54.0,"cputempmax":82.0,"gputempavg":59.847457627118644,"gputempmin":43.0,"gputempmax":82.0,"mobotempavg":32.16949152542373,"mobotempmin":27.0,"mobotempmax":41.0,"totpwravg":182.0,"totpwrmin":182.0,"totpwrmax":182.0,"cpuutilavg":18.76271186440678,"cpuutilmin":14.0,"cpuutilmax":43.0,"gpuutilavg":42.94915254237288,"gpuutilmin":9.0,"gpuutilmax":99.0,"vramutilavg":24.52542372881356,"vramutilmin":9.0,"vramutilmax":85.0},{"id":"e6b52af8-3d86-4d86-8584-a94519e88e7d","avgfps":60.67142857142857,"minfps":2.0,"maxfps":92.0,"cpupwravg":61.542857142857144,"cpupwrmin":39.0,"cpupwrmax":105.0,"gpupwravg":171.88571428571427,"gpupwrmin":22.0,"gpupwrmax":195.0,"cputempavg":74.72857142857143,"cputempmin":55.0,"cputempmax":89.0,"gputempavg":77.7,"gputempmin":49.0,"gputempmax":84.0,"mobotempavg":30.585714285714285,"mobotempmin":28.0,"mobotempmax":37.0,"totpwravg":182.0,"totpwrmin":182.0,"totpwrmax":182.0,"cpuutilavg":22.042857142857144,"cpuutilmin":13.0,"cpuutilmax":65.0,"gpuutilavg":81.71428571428571,"gpuutilmin":3.0,"gpuutilmax":100.0,"vramutilavg":56.58571428571429,"vramutilmin":13.0,"vramutilmax":71.0},{"id":"76b0816b-31d4-4784-8cc2-b5390a18f46f","avgfps":85.58230958230958,"minfps":21.0,"maxfps":120.0,"cpupwravg":55.810810810810814,"cpupwrmin":39.0,"cpupwrmax":82.0,"gpupwravg":168.95823095823096,"gpupwrmin":21.0,"gpupwrmax":195.0,"cputempavg":70.06142506142506,"cputempmin":54.0,"cputempmax":86.0,"gputempavg":78.53071253071253,"gputempmin":44.0,"gputempmax":84.0,"mobotempavg":37.39312039312039,"mobotempmin":27.0,"mobotempmax":44.0,"totpwravg":182.0,"totpwrmin":182.0,"totpwrmax":182.0,"cpuutilavg":21.78869778869779,"cpuutilmin":7.0,"cpuutilmax":39.0,"gpuutilavg":94.1056511056511,"gpuutilmin":4.0,"gpuutilmax":100.0,"vramutilavg":56.616707616707615,"vramutilmin":13.0,"vramutilmax":76.0},{"id":"bf46328f-3581-4a7c-8336-1e4417582022","avgfps":50.357142857142854,"minfps":1.0,"maxfps":59.0,"cpupwravg":60.714285714285715,"cpupwrmin":42.0,"cpupwrmax":97.0,"gpupwravg":123.42857142857143,"gpupwrmin":31.0,"gpupwrmax":190.0,"cputempavg":61.357142857142854,"cputempmin":55.0,"cputempmax":71.0,"gputempavg":64.0,"gputempmin":41.0,"gputempmax":80.0,"mobotempavg":34.0,"mobotempmin":30.0,"mobotempmax":40.0,"totpwravg":182.0,"totpwrmin":182.0,"totpwrmax":182.0,"cpuutilavg":68.35714285714286,"cpuutilmin":16.0,"cpuutilmax":100.0,"gpuutilavg":66.71428571428571,"gpuutilmin":21.0,"gpuutilmax":98.0,"vramutilavg":14.285714285714286,"vramutilmin":13.0,"vramutilmax":31.0},{"id":"29d1e3d9-6209-4445-828f-addee7f2014c","avgfps":62.08943089430894,"minfps":57.0,"maxfps":119.0,"cpupwravg":40.91869918699187,"cpupwrmin":38.0,"cpupwrmax":64.0,"gpupwravg":29.089430894308943,"gpupwrmin":12.0,"gpupwrmax":42.0,"cputempavg":59.75609756097561,"cputempmin":52.0,"cputempmax":78.0,"gputempavg":47.71544715447155,"gputempmin":40.0,"gputempmax":57.0,"mobotempavg":33.3739837398374,"mobotempmin":30.0,"mobotempmax":36.0,"totpwravg":269.8048780487805,"totpwrmin":182.0,"totpwrmax":362.0,"cpuutilavg":8.853658536585366,"cpuutilmin":3.0,"cpuutilmax":20.0,"gpuutilavg":34.113821138211385,"gpuutilmin":6.0,"gpuutilmax":42.0,"vramutilavg":28.577235772357724,"vramutilmin":13.0,"vramutilmax":85.0},{"id":"370bff80-dc0d-4af0-9199-546a81e01986","avgfps":39.244923857868024,"minfps":1.0,"maxfps":47.0,"cpupwravg":39.20685279187817,"cpupwrmin":34.0,"cpupwrmax":58.0,"gpupwravg":16.90736040609137,"gpupwrmin":10.0,"gpupwrmax":30.0,"cputempavg":60.361675126903556,"cputempmin":48.0,"cputempmax":76.0,"gputempavg":46.80203045685279,"gputempmin":33.0,"gputempmax":52.0,"mobotempavg":34.359137055837564,"mobotempmin":27.0,"mobotempmax":37.0,"totpwravg":198.2258883248731,"totpwrmin":182.0,"totpwrmax":242.0,"cpuutilavg":5.7652284263959395,"cpuutilmin":0.0,"cpuutilmax":26.0,"gpuutilavg":30.996192893401016,"gpuutilmin":3.0,"gpuutilmax":87.0,"vramutilavg":20.35532994923858,"vramutilmin":14.0,"vramutilmax":31.0},{"id":"8d6c3942-3e1d-4fc3-8dce-484102e17595","avgfps":74.55169782525753,"minfps":2.0,"maxfps":120.0,"cpupwravg":83.93742846241892,"cpupwrmin":38.0,"cpupwrmax":123.0,"gpupwravg":156.12018313620754,"gpupwrmin":9.0,"gpupwrmax":192.0,"cputempavg":79.5253719954216,"cputempmin":46.0,"cputempmax":91.0,"gputempavg":77.81838992750859,"gputempmin":37.0,"gputempmax":84.0,"mobotempavg":34.34605112552461,"mobotempmin":26.0,"mobotempmax":42.0,"totpwravg":182.0,"totpwrmin":182.0,"totpwrmax":182.0,"cpuutilavg":50.536436474628005,"cpuutilmin":5.0,"cpuutilmax":98.0,"gpuutilavg":92.78634109118657,"gpuutilmin":0.0,"gpuutilmax":100.0,"vramutilavg":92.22853872567723,"vramutilmin":10.0,"vramutilmax":99.0},{"id":"921bf6d4-de02-40a0-bfc7-1a8b4a9b76a0","avgfps":57.81544256120527,"minfps":1.0,"maxfps":60.0,"cpupwravg":65.64030131826742,"cpupwrmin":47.0,"cpupwrmax":80.0,"gpupwravg":36.23163841807909,"gpupwrmin":16.0,"gpupwrmax":45.0,"cputempavg":76.13935969868173,"cputempmin":68.0,"cputempmax":84.0,"gputempavg":53.24858757062147,"gputempmin":38.0,"gputempmax":59.0,"mobotempavg":33.48022598870057,"mobotempmin":25.0,"mobotempmax":36.0,"totpwravg":182.0,"totpwrmin":182.0,"totpwrmax":182.0,"cpuutilavg":22.966101694915253,"cpuutilmin":11.0,"cpuutilmax":39.0,"gpuutilavg":38.25612052730697,"gpuutilmin":0.0,"gpuutilmax":52.0,"vramutilavg":42.89453860640301,"vramutilmin":24.0,"vramutilmax":55.0},{"id":"1a41dd39-d92a-464a-96f9-8af444fe3a3f","avgfps":95.68607954545455,"minfps":1.0,"maxfps":119.0,"cpupwravg":62.453125,"cpupwrmin":39.0,"cpupwrmax":91.0,"gpupwravg":159.0284090909091,"gpupwrmin":7.0,"gpupwrmax":191.0,"cputempavg":77.02556818181819,"cputempmin":59.0,"cputempmax":86.0,"gputempavg":78.00426136363636,"gputempmin":44.0,"gputempmax":84.0,"mobotempavg":33.47869318181818,"mobotempmin":25.0,"mobotempmax":35.0,"totpwravg":182.0,"totpwrmin":182.0,"totpwrmax":182.0,"cpuutilavg":20.186079545454547,"cpuutilmin":4.0,"cpuutilmax":37.0,"gpuutilavg":84.02698863636364,"gpuutilmin":0.0,"gpuutilmax":100.0,"vramutilavg":48.296875,"vramutilmin":40.0,"vramutilmax":59.0},{"id":"8bc16b75-53d3-46e6-9e02-de103228392d","avgfps":85.19852941176471,"minfps":29.0,"maxfps":120.0,"cpupwravg":53.8014705882353,"cpupwrmin":40.0,"cpupwrmax":100.0,"gpupwravg":172.0,"gpupwrmin":29.0,"gpupwrmax":195.0,"cputempavg":74.34558823529412,"cputempmin":55.0,"cputempmax":88.0,"gputempavg":79.41911764705883,"gputempmin":41.0,"gputempmax":84.0,"mobotempavg":39.02205882352941,"mobotempmin":28.0,"mobotempmax":43.0,"totpwravg":182.0,"totpwrmin":182.0,"totpwrmax":182.0,"cpuutilavg":16.558823529411764,"cpuutilmin":4.0,"cpuutilmax":62.0,"gpuutilavg":94.4779411764706,"gpuutilmin":39.0,"gpuutilmax":100.0,"vramutilavg":51.11764705882353,"vramutilmin":29.0,"vramutilmax":56.0},{"id":"3761a3ee-d802-4dc0-94df-5a21d79eec16","avgfps":58.8,"minfps":57.0,"maxfps":60.0,"cpupwravg":39.2,"cpupwrmin":39.0,"cpupwrmax":40.0,"gpupwravg":32.0,"gpupwrmin":28.0,"gpupwrmax":35.0,"cputempavg":57.6,"cputempmin":54.0,"cputempmax":66.0,"gputempavg":51.6,"gputempmin":49.0,"gputempmax":54.0,"mobotempavg":34.0,"mobotempmin":34.0,"mobotempmax":34.0,"totpwravg":182.0,"totpwrmin":182.0,"totpwrmax":182.0,"cpuutilavg":6.8,"cpuutilmin":5.0,"cpuutilmax":12.0,"gpuutilavg":9.0,"gpuutilmin":6.0,"gpuutilmax":11.0,"vramutilavg":16.0,"vramutilmin":16.0,"vramutilmax":16.0},{"id":"9cdc350b-0b4a-440c-bc75-d8a40e9c6e12","avgfps":57.333333333333336,"minfps":57.0,"maxfps":58.0,"cpupwravg":42.333333333333336,"cpupwrmin":41.0,"cpupwrmax":45.0,"gpupwravg":32.0,"gpupwrmin":32.0,"gpupwrmax":32.0,"cputempavg":61.0,"cputempmin":59.0,"cputempmax":64.0,"gputempavg":52.0,"gputempmin":51.0,"gputempmax":53.0,"mobotempavg":34.333333333333336,"mobotempmin":34.0,"mobotempmax":35.0,"totpwravg":182.0,"totpwrmin":182.0,"totpwrmax":182.0,"cpuutilavg":9.333333333333334,"cpuutilmin":7.0,"cpuutilmax":11.0,"gpuutilavg":10.0,"gpuutilmin":10.0,"gpuutilmax":10.0,"vramutilavg":19.0,"vramutilmin":19.0,"vramutilmax":19.0},{"id":"191d39c9-90fd-462e-83cb-bfe332b3fafc","avgfps":50.967322999581064,"minfps":1.0,"maxfps":120.0,"cpupwravg":55.82153330540427,"cpupwrmin":38.0,"cpupwrmax":122.0,"gpupwravg":164.2501047339757,"gpupwrmin":9.0,"gpupwrmax":197.0,"cputempavg":75.11395056556347,"cputempmin":56.0,"cputempmax":89.0,"gputempavg":80.4386258902388,"gputempmin":31.0,"gputempmax":87.0,"mobotempavg":37.53791369920402,"mobotempmin":27.0,"mobotempmax":45.0,"totpwravg":181.91202346041055,"totpwrmin":152.0,"totpwrmax":182.0,"cpuutilavg":21.596564725596984,"cpuutilmin":3.0,"cpuutilmax":100.0,"gpuutilavg":88.65437788018433,"gpuutilmin":0.0,"gpuutilmax":100.0,"vramutilavg":57.871805613741095,"vramutilmin":11.0,"vramutilmax":81.0},{"id":"1243c442-855e-490e-a09e-57caf8b2a62d","avgfps":59.60233766233766,"minfps":1.0,"maxfps":119.0,"cpupwravg":50.00606060606061,"cpupwrmin":38.0,"cpupwrmax":106.0,"gpupwravg":155.28709956709957,"gpupwrmin":20.0,"gpupwrmax":187.0,"cputempavg":71.49948051948051,"cputempmin":49.0,"cputempmax":90.0,"gputempavg":79.41835497835498,"gputempmin":43.0,"gputempmax":86.0,"mobotempavg":38.138354978354975,"mobotempmin":23.0,"mobotempmax":45.0,"totpwravg":182.0,"totpwrmin":182.0,"totpwrmax":182.0,"cpuutilavg":17.14909090909091,"cpuutilmin":4.0,"cpuutilmax":73.0,"gpuutilavg":87.77679653679654,"gpuutilmin":0.0,"gpuutilmax":100.0,"vramutilavg":49.29844155844156,"vramutilmin":16.0,"vramutilmax":79.0},{"id":"1a14b20b-87bf-4a16-9c49-914ff406b6b9","avgfps":58.69166666666667,"minfps":40.0,"maxfps":95.0,"cpupwravg":43.45,"cpupwrmin":39.0,"cpupwrmax":53.0,"gpupwravg":125.9,"gpupwrmin":26.0,"gpupwrmax":189.0,"cputempavg":63.71666666666667,"cputempmin":56.0,"cputempmax":74.0,"gputempavg":72.35,"gputempmin":44.0,"gputempmax":84.0,"mobotempavg":37.55,"mobotempmin":33.0,"mobotempmax":41.0,"totpwravg":182.0,"totpwrmin":182.0,"totpwrmax":182.0,"cpuutilavg":20.575,"cpuutilmin":13.0,"cpuutilmax":49.0,"gpuutilavg":54.40833333333333,"gpuutilmin":8.0,"gpuutilmax":99.0,"vramutilavg":16.883333333333333,"vramutilmin":12.0,"vramutilmax":53.0},{"id":"5fd15758-a247-4880-b33e-ec7f6aa5624c","avgfps":118.70093457943925,"minfps":103.0,"maxfps":120.0,"cpupwravg":57.953271028037385,"cpupwrmin":44.0,"cpupwrmax":66.0,"gpupwravg":61.96261682242991,"gpupwrmin":29.0,"gpupwrmax":105.0,"cputempavg":72.16822429906541,"cputempmin":64.0,"cputempmax":75.0,"gputempavg":56.757009345794394,"gputempmin":44.0,"gputempmax":68.0,"mobotempavg":36.42056074766355,"mobotempmin":34.0,"mobotempmax":39.0,"totpwravg":182.0,"totpwrmin":182.0,"totpwrmax":182.0,"cpuutilavg":18.186915887850468,"cpuutilmin":12.0,"cpuutilmax":26.0,"gpuutilavg":38.26168224299065,"gpuutilmin":27.0,"gpuutilmax":49.0,"vramutilavg":38.21495327102804,"vramutilmin":34.0,"vramutilmax":41.0},{"id":"a66662c7-edf9-4c1f-bbb8-36c548167527","avgfps":75.92510801728277,"minfps":1.0,"maxfps":119.0,"cpupwravg":71.90686509841575,"cpupwrmin":41.0,"cpupwrmax":125.0,"gpupwravg":164.0326452232357,"gpupwrmin":16.0,"gpupwrmax":193.0,"cputempavg":77.05568891022564,"cputempmin":58.0,"cputempmax":90.0,"gputempavg":77.91022563610177,"gputempmin":41.0,"gputempmax":83.0,"mobotempavg":38.26500240038406,"mobotempmin":25.0,"mobotempmax":49.0,"totpwravg":182.0,"totpwrmin":182.0,"totpwrmax":182.0,"cpuutilavg":32.86077772443591,"cpuutilmin":9.0,"cpuutilmax":99.0,"gpuutilavg":94.9611137782045,"gpuutilmin":0.0,"gpuutilmax":100.0,"vramutilavg":76.12001920307249,"vramutilmin":15.0,"vramutilmax":92.0},{"id":"d87e28ec-7d3e-475b-bd83-e9129dc553c8","avgfps":118.70138017565873,"minfps":48.0,"maxfps":120.0,"cpupwravg":42.08657465495609,"cpupwrmin":37.0,"cpupwrmax":93.0,"gpupwravg":19.97741530740276,"gpupwrmin":16.0,"gpupwrmax":33.0,"cputempavg":63.222082810539526,"cputempmin":55.0,"cputempmax":82.0,"gputempavg":48.75156838143037,"gputempmin":39.0,"gputempmax":56.0,"mobotempavg":35.44291091593475,"mobotempmin":30.0,"mobotempmax":39.0,"totpwravg":182.0,"totpwrmin":182.0,"totpwrmax":182.0,"cpuutilavg":10.312421580928481,"cpuutilmin":4.0,"cpuutilmax":94.0,"gpuutilavg":39.68757841907152,"gpuutilmin":1.0,"gpuutilmax":61.0,"vramutilavg":17.569636135508155,"vramutilmin":13.0,"vramutilmax":29.0},{"id":"80c4f1d9-bf4b-4e6b-a910-86a2edb40017","avgfps":93.81528662420382,"minfps":16.0,"maxfps":120.0,"cpupwravg":45.445859872611464,"cpupwrmin":38.0,"cpupwrmax":53.0,"gpupwravg":180.7515923566879,"gpupwrmin":29.0,"gpupwrmax":199.0,"cputempavg":64.54777070063695,"cputempmin":55.0,"cputempmax":78.0,"gputempavg":79.63694267515923,"gputempmin":47.0,"gputempmax":83.0,"mobotempavg":42.98726114649681,"mobotempmin":33.0,"mobotempmax":46.0,"totpwravg":182.0,"totpwrmin":182.0,"totpwrmax":182.0,"cpuutilavg":17.828025477707005,"cpuutilmin":6.0,"cpuutilmax":34.0,"gpuutilavg":96.72611464968153,"gpuutilmin":21.0,"gpuutilmax":100.0,"vramutilavg":75.02547770700637,"vramutilmin":38.0,"vramutilmax":97.0},{"id":"04c10547-46e6-4e61-b3e3-a83b27c56c00","avgfps":116.60358565737052,"minfps":73.0,"maxfps":120.0,"cpupwravg":54.99003984063745,"cpupwrmin":38.0,"cpupwrmax":100.0,"gpupwravg":161.9840637450199,"gpupwrmin":25.0,"gpupwrmax":184.0,"cputempavg":70.60159362549801,"cputempmin":58.0,"cputempmax":84.0,"gputempavg":66.46613545816733,"gputempmin":26.0,"gputempmax":82.0,"mobotempavg":35.78486055776892,"mobotempmin":28.0,"mobotempmax":47.0,"totpwravg":319.2569721115538,"totpwrmin":182.0,"totpwrmax":440.0,"cpuutilavg":17.796812749003983,"cpuutilmin":5.0,"cpuutilmax":37.0,"gpuutilavg":88.27290836653387,"gpuutilmin":0.0,"gpuutilmax":100.0,"vramutilavg":39.04980079681275,"vramutilmin":18.0,"vramutilmax":49.0},{"id":"87973707-6371-4cea-90c1-e01c181ce47e","avgfps":78.23628219484883,"minfps":1.0,"maxfps":120.0,"cpupwravg":64.88017917133259,"cpupwrmin":39.0,"cpupwrmax":128.0,"gpupwravg":159.60694288913774,"gpupwrmin":13.0,"gpupwrmax":191.0,"cputempavg":77.01007838745801,"cputempmin":58.0,"cputempmax":91.0,"gputempavg":73.2026875699888,"gputempmin":27.0,"gputempmax":84.0,"mobotempavg":35.638297872340424,"mobotempmin":29.0,"mobotempmax":46.0,"totpwravg":254.18701007838746,"totpwrmin":143.0,"totpwrmax":507.0,"cpuutilavg":27.260918253079506,"cpuutilmin":8.0,"cpuutilmax":100.0,"gpuutilavg":91.82866741321389,"gpuutilmin":0.0,"gpuutilmax":100.0,"vramutilavg":78.91601343784994,"vramutilmin":13.0,"vramutilmax":96.0},{"id":"7bbbf807-b269-42ce-a583-4ab8745a9058","avgfps":60.91832229580574,"minfps":4.0,"maxfps":120.0,"cpupwravg":49.838116261957325,"cpupwrmin":38.0,"cpupwrmax":121.0,"gpupwravg":135.813097866078,"gpupwrmin":12.0,"gpupwrmax":196.0,"cputempavg":70.84179543782193,"cputempmin":51.0,"cputempmax":90.0,"gputempavg":68.66372332597498,"gputempmin":27.0,"gputempmax":84.0,"mobotempavg":34.91979396615158,"mobotempmin":29.0,"mobotempmax":49.0,"totpwravg":336.6158940397351,"totpwrmin":152.0,"totpwrmax":524.0,"cpuutilavg":18.032376747608534,"cpuutilmin":4.0,"cpuutilmax":91.0,"gpuutilavg":63.927888153053715,"gpuutilmin":0.0,"gpuutilmax":100.0,"vramutilavg":65.06254598969831,"vramutilmin":12.0,"vramutilmax":80.0},{"id":"1c52adce-4514-4a59-9b1c-e511e398d1d8","avgfps":50.01846066458393,"minfps":3.0,"maxfps":120.0,"cpupwravg":64.61516614598125,"cpupwrmin":38.0,"cpupwrmax":119.0,"gpupwravg":172.52343084351037,"gpupwrmin":18.0,"gpupwrmax":195.0,"cputempavg":74.81113320079523,"cputempmin":55.0,"cputempmax":90.0,"gputempavg":74.09741550695826,"gputempmin":26.0,"gputempmax":83.0,"mobotempavg":34.2348764555524,"mobotempmin":25.0,"mobotempmax":49.0,"totpwravg":329.6324907696677,"totpwrmin":98.0,"totpwrmax":519.0,"cpuutilavg":32.27435387673956,"cpuutilmin":2.0,"cpuutilmax":96.0,"gpuutilavg":95.75915932973587,"gpuutilmin":0.0,"gpuutilmax":100.0,"vramutilavg":66.12780460096563,"vramutilmin":10.0,"vramutilmax":86.0},{"id":"78a7bc76-4ac0-4960-8403-c259773760f2","avgfps":59.01709401709402,"minfps":32.0,"maxfps":60.0,"cpupwravg":51.60683760683761,"cpupwrmin":44.0,"cpupwrmax":78.0,"gpupwravg":138.3846153846154,"gpupwrmin":37.0,"gpupwrmax":155.0,"cputempavg":68.55555555555556,"cputempmin":57.0,"cputempmax":82.0,"gputempavg":71.85470085470085,"gputempmin":49.0,"gputempmax":82.0,"mobotempavg":35.41880341880342,"mobotempmin":31.0,"mobotempmax":45.0,"totpwravg":216.11111111111111,"totpwrmin":182.0,"totpwrmax":399.0,"cpuutilavg":21.102564102564102,"cpuutilmin":9.0,"cpuutilmax":39.0,"gpuutilavg":66.01709401709402,"gpuutilmin":39.0,"gpuutilmax":73.0,"vramutilavg":79.88888888888889,"vramutilmin":60.0,"vramutilmax":84.0},{"id":"7da4c56a-44a3-40b3-b24e-c8dcea9b179d","avgfps":109.85714285714286,"minfps":26.0,"maxfps":119.0,"cpupwravg":46.392857142857146,"cpupwrmin":37.0,"cpupwrmax":59.0,"gpupwravg":133.28571428571428,"gpupwrmin":46.0,"gpupwrmax":180.0,"cputempavg":63.964285714285715,"cputempmin":58.0,"cputempmax":76.0,"gputempavg":31.0,"gputempmin":31.0,"gputempmax":31.0,"mobotempavg":31.75,"mobotempmin":31.0,"mobotempmax":35.0,"totpwravg":152.0,"totpwrmin":152.0,"totpwrmax":152.0,"cpuutilavg":15.964285714285714,"cpuutilmin":5.0,"cpuutilmax":26.0,"gpuutilavg":70.71428571428571,"gpuutilmin":0.0,"gpuutilmax":100.0,"vramutilavg":37.0,"vramutilmin":21.0,"vramutilmax":40.0},{"id":"25f6b78a-efc4-4a95-9a95-aa4cd16348c0","avgfps":64.2265625,"minfps":2.0,"maxfps":120.0,"cpupwravg":56.921875,"cpupwrmin":42.0,"cpupwrmax":76.0,"gpupwravg":147.5,"gpupwrmin":37.0,"gpupwrmax":185.0,"cputempavg":73.78125,"cputempmin":66.0,"cputempmax":81.0,"gputempavg":76.203125,"gputempmin":47.0,"gputempmax":83.0,"mobotempavg":32.5234375,"mobotempmin":31.0,"mobotempmax":35.0,"totpwravg":361.6015625,"totpwrmin":205.0,"totpwrmax":416.0,"cpuutilavg":27.3359375,"cpuutilmin":7.0,"cpuutilmax":44.0,"gpuutilavg":82.96875,"gpuutilmin":1.0,"gpuutilmax":100.0,"vramutilavg":82.875,"vramutilmin":40.0,"vramutilmax":88.0},{"id":"23a8298e-a614-4f72-b5a3-c4ee21b1cc37","avgfps":91.99179366940211,"minfps":32.0,"maxfps":120.0,"cpupwravg":65.16178194607268,"cpupwrmin":38.0,"cpupwrmax":110.0,"gpupwravg":121.61195779601407,"gpupwrmin":12.0,"gpupwrmax":154.0,"cputempavg":75.20281359906214,"cputempmin":58.0,"cputempmax":86.0,"gputempavg":73.25791324736225,"gputempmin":39.0,"gputempmax":80.0,"mobotempavg":33.9179366940211,"mobotempmin":30.0,"mobotempmax":36.0,"totpwravg":340.2262602579132,"totpwrmin":169.0,"totpwrmax":454.0,"cpuutilavg":25.43259085580305,"cpuutilmin":5.0,"cpuutilmax":49.0,"gpuutilavg":72.04337631887456,"gpuutilmin":1.0,"gpuutilmax":99.0,"vramutilavg":50.69871043376319,"vramutilmin":37.0,"vramutilmax":57.0},{"id":"85eabf38-1d1e-4162-b6d1-6985e8b817e3","avgfps":82.55882352941177,"minfps":33.0,"maxfps":120.0,"cpupwravg":50.563025210084035,"cpupwrmin":37.0,"cpupwrmax":88.0,"gpupwravg":107.82352941176471,"gpupwrmin":8.0,"gpupwrmax":194.0,"cputempavg":70.94117647058823,"cputempmin":48.0,"cputempmax":85.0,"gputempavg":67.7983193277311,"gputempmin":38.0,"gputempmax":85.0,"mobotempavg":33.98739495798319,"mobotempmin":29.0,"mobotempmax":36.0,"totpwravg":200.18487394957984,"totpwrmin":139.0,"totpwrmax":307.0,"cpuutilavg":13.928571428571429,"cpuutilmin":3.0,"cpuutilmax":37.0,"gpuutilavg":63.470588235294116,"gpuutilmin":0.0,"gpuutilmax":100.0,"vramutilavg":34.903361344537814,"vramutilmin":13.0,"vramutilmax":51.0},{"id":"1a5588a3-0a77-4a23-b0c2-fa00e16d670c","avgfps":118.43478260869566,"minfps":106.0,"maxfps":120.0,"cpupwravg":48.391304347826086,"cpupwrmin":41.0,"cpupwrmax":85.0,"gpupwravg":43.34782608695652,"gpupwrmin":41.0,"gpupwrmax":51.0,"cputempavg":68.21739130434783,"cputempmin":63.0,"cputempmax":88.0,"gputempavg":56.52173913043478,"gputempmin":51.0,"gputempmax":61.0,"mobotempavg":36.130434782608695,"mobotempmin":34.0,"mobotempmax":38.0,"totpwravg":207.0,"totpwrmin":207.0,"totpwrmax":207.0,"cpuutilavg":14.782608695652174,"cpuutilmin":10.0,"cpuutilmax":33.0,"gpuutilavg":38.78260869565217,"gpuutilmin":26.0,"gpuutilmax":41.0,"vramutilavg":32.95652173913044,"vramutilmin":31.0,"vramutilmax":35.0},{"id":"787a729c-1131-4ac3-bf17-3b99d8ead83c","avgfps":116.34177215189874,"minfps":85.0,"maxfps":119.0,"cpupwravg":46.51898734177215,"cpupwrmin":40.0,"cpupwrmax":71.0,"gpupwravg":136.1012658227848,"gpupwrmin":74.0,"gpupwrmax":154.0,"cputempavg":68.60759493670886,"cputempmin":62.0,"cputempmax":80.0,"gputempavg":77.9113924050633,"gputempmin":55.0,"gputempmax":82.0,"mobotempavg":36.392405063291136,"mobotempmin":34.0,"mobotempmax":37.0,"totpwravg":392.56962025316454,"totpwrmin":234.0,"totpwrmax":453.0,"cpuutilavg":17.0126582278481,"cpuutilmin":10.0,"cpuutilmax":36.0,"gpuutilavg":79.67088607594937,"gpuutilmin":37.0,"gpuutilmax":100.0,"vramutilavg":32.88607594936709,"vramutilmin":28.0,"vramutilmax":35.0},{"id":"917715d5-870b-4735-9642-e587ddb9c31e","avgfps":77.72948328267478,"minfps":3.0,"maxfps":120.0,"cpupwravg":53.17629179331307,"cpupwrmin":39.0,"cpupwrmax":114.0,"gpupwravg":157.2066869300912,"gpupwrmin":16.0,"gpupwrmax":191.0,"cputempavg":70.35410334346504,"cputempmin":50.0,"cputempmax":91.0,"gputempavg":78.8693009118541,"gputempmin":36.0,"gputempmax":84.0,"mobotempavg":34.755319148936174,"mobotempmin":27.0,"mobotempmax":37.0,"totpwravg":196.0,"totpwrmin":196.0,"totpwrmax":196.0,"cpuutilavg":23.25531914893617,"cpuutilmin":4.0,"cpuutilmax":73.0,"gpuutilavg":91.07294832826747,"gpuutilmin":1.0,"gpuutilmax":100.0,"vramutilavg":68.44376899696049,"vramutilmin":19.0,"vramutilmax":75.0}]
